annual_sales_usd,sales_role,branch,client_calls_week,meetings_week,emails_week,avg_call_minutes,lead_quality,crm_minutes_day,coffee_cups_day,distractions_minutes_day,morale_score
57462.051773376326,Outside Sales,Albany,42.670150580288606,2.6420076571881506,22.70234357893384,3.697432567920277,65.19091312049952,26.50772253758059,2.116886390622085,63.41427272397783,7.2862576468732465
72183.36337650202,Outside Sales,Stamford,48.21853145982633,1.9795648655406597,22.898468242954323,5.281614831988774,74.19499317659604,62.05593554796067,3.227211741222507,37.46737326776506,3.744085409556925
109265.26526226994,Inside Sales,Scranton,40.81164017514953,1.8438097525742232,17.89983247905094,6.04887608442777,65.40457345082753,67.41629482732303,3.074499552028888,38.941749903904324,4.42975022918757
72793.03079702177,Inside Sales,Utica,38.49989717080091,3.368304538158962,32.396902244825974,5.024406587793243,51.30976012249089,54.05269306423474,2.8571315202100735,9.712036472867362,5.716812411207362
130146.04102872165,Outside Sales,Scranton,52.089075410003566,3.3171248265140654,10.467421758493623,8.369982987528495,41.56935317161868,27.889756927664457,3.9309179536553573,57.314793551561806,6.862413716186581
115036.22390100267,Inside Sales,Stamford,44.4694768953246,3.101998825601604,11.652190335822178,6.446977462300104,63.46214423297126,36.037783026141184,2.176069209361949,24.000800379864835,4.476357316134024
87590.49803487083,Inside Sales,Utica,43.70893139971825,2.373295058402427,19.30809379699124,4.873970445675575,51.21125484843257,17.081144020069722,1.807783885354841,28.681639196420523,7.144044843763982
117971.94037308874,Outside Sales,Utica,47.59316020552589,3.2373344676537084,23.177273171479506,5.3806951322355125,63.89580051206819,63.99189408011421,2.7704777409514847,38.085329177311564,7.1286088563611845
109716.34124214256,Inside Sales,Utica,41.076996988237504,0.8401358469558327,14.01374499334815,4.461883579455448,64.07066228032582,39.81627104699995,2.0985733806765543,30.455793684744147,8.114628687290649
103053.15574804641,Outside Sales,Utica,66.29030426490492,1.0379734459278989,29.18794604817217,5.428428820825001,45.891528757048704,52.56786733067392,1.5278664529537678,52.5263868987037,7.689458725598789
94052.31524067877,Inside Sales,Stamford,41.14955749267135,3.575167442307512,19.714914524772123,7.944185686250871,55.386330518369505,40.885941976733875,1.020764139307318,19.11139171006259,7.422964764312603
54545.18032818481,Outside Sales,Albany,47.6600190726023,1.9531193158526332,14.027149476744398,4.671901582953122,47.89773640016483,32.15314189611367,2.5377773141444995,28.55070317783752,7.337599441011716
130120.00499875347,Inside Sales,Utica,46.24794085245146,2.68716645831016,14.935079306063109,7.186215472339538,85.05105628544726,34.764615965264134,4.003754899207854,70.05713870905957,9.033474242449763
149507.2068305952,Outside Sales,Scranton,44.458912132666306,4.228206737976944,15.63606821209244,5.793818589815778,72.53282747118588,48.479351570397796,3.25704700038085,49.940816491760266,7.606232007829496
114051.10466568607,Inside Sales,Utica,47.4993652677223,1.9887363059525018,24.679078756607556,3.5667997628223427,56.99464918087669,38.84231777978643,3.3599618971904848,30.95468369605653,7.508771800179397
107026.39206693966,Inside Sales,Stamford,41.15532979523838,1.3563632050200123,14.663545310919481,4.943492293286129,77.64206245245543,46.179303235460324,3.2767492978631036,37.30667923157506,4.361749740135027
100558.00265404292,Inside Sales,Stamford,20.575653680984882,0,22.08271051388501,3.5431334956445597,69.89496066146545,36.79159797668407,1.4465117488304413,21.915915860944928,7.821780260087853
118481.14773831607,Inside Sales,Scranton,30.7933225302415,2.2137032543076502,12.995771355727047,9.222639530651913,58.00358853026277,41.658803555137524,1.390839069810618,64.31749402354869,6.370821100435133
156125.98593234384,Inside Sales,Scranton,59.08645623917801,2.2150306394928077,21.98678939584413,6.6000333174083945,55.93870443975113,72.85255412460343,3.234690239211344,30.336091431731777,6.118018059442044
88290.05187309848,Inside Sales,Stamford,55.28790550521092,3.3561578557183767,23.09531518210899,6.4289864869351385,48.97278807252516,47.483919156245534,2.3505486362521175,20.311382913357008,5.621613421474898
86832.95571630697,Inside Sales,Utica,37.014152240478026,1.8694656491798405,30.882780139130023,6.223116466369495,65.6522158265151,50.40777563835756,1.5393911059730947,26.521259575589564,7.330042019443017
140542.42594063867,Inside Sales,Scranton,15.384612922952147,2.0999919834919885,21.242155271864547,6.588138268988842,56.17685543544435,48.98951582498257,1.7650553285157031,20.053090253905953,9.443548892118011
125199.46155126751,Inside Sales,Scranton,31.16338730243817,2.264832974916441,27.55587171185694,5.733579179444029,63.39095759884147,50.33774386649736,2.1211997650654415,34.3885577483353,8.135508432139057
125686.51655987039,Inside Sales,Scranton,24.45083423464852,2.742362715846202,9.768053278760068,5.5697158545409184,74.49951988886936,61.89734431121095,4.318795625713729,26.371369510448247,6.661432572379221
93968.3532846901,Inside Sales,Utica,22.895788624770262,3.0335859228498068,24.28756944483974,4.782764045782033,74.64145910390263,54.56630072624471,1.4515500613809738,49.33529502043701,7.880880145567957
117266.27398605063,Inside Sales,Albany,46.55088763715094,1.7127288630363746,21.804752121709868,5.914375260243888,62.49097025836163,19.83546420963235,3.0404144296673263,37.15684451734061,7.323212902511833
94024.30043149799,Inside Sales,Utica,39.124582339870834,2.683877298797142,31.369770451326502,6.035517637708966,60.0652932959803,59.6704906070148,2.4904211262491365,13.518892733154356,7.388382651582232
141993.44274703736,Inside Sales,Scranton,50.94552774872559,2.7522119857699816,11.741329097997394,4.664744760399003,79.41876568560629,38.879020950873915,4.51088928670062,61.51079136955815,5.101021935802188
94073.80198907397,Inside Sales,Albany,26.071839056042506,2.4720435989949396,27.352338437456076,6.431856390226461,51.58002479742128,53.7745613895827,1.378937306669517,51.9405734673845,6.487888234542721
73679.73430697487,Outside Sales,Utica,28.964588661439578,3.810517696948692,19.12047864000004,4.07414856331903,34.47260506103591,39.84467889522485,1.5467551118152478,39.340481224964265,8.290288259083713
78226.84790142914,Outside Sales,Stamford,43.77987709230009,0.6223275489301865,22.197992459906974,6.589454619322291,52.60247331343297,30.9255885605893,1.9743547632307958,44.022262924690224,9.771078351792822
93175.4797086659,Inside Sales,Stamford,48.40895972326146,3.015999142695782,21.787822456785552,6.094827556296395,40.29924795589843,37.866668096442524,0.83933829716628,55.22718930640119,5.608365880122391
78195.20808911769,Outside Sales,Stamford,36.43783867995062,3.6289622568083244,23.65934514071179,7.652745724970447,54.01878056184693,34.25163677297647,2.271403068771844,42.53970973977578,7.162047261432958
62831.97288583887,Inside Sales,Stamford,29.31887811233068,1.1559039187662319,17.696541801586633,6.20897346894118,61.72485578850594,43.92841136062754,1.47703572317202,55.62341047509319,6.826925163569303
81001.79153155615,Outside Sales,Albany,54.684191146689614,2.54515997166162,24.04401743576544,7.050656225387609,75.82147031593853,42.337531791064876,1.931755818086029,48.47763980998375,8.803733348348581
88029.77048285118,Inside Sales,Albany,53.1592859971798,1.4259121692728405,24.725971756542314,8.504573990377468,62.55359499531709,28.11744422540533,4.058445709353039,32.873901415189344,6.659117415017791
125199.36244846358,Inside Sales,Utica,47.51580926595611,2.0421628825291047,20.356963373232045,6.721689809792511,65.0142731215335,57.61993009158402,2.7603859563357243,56.54120862255416,6.187883372903791
119835.3409564412,Inside Sales,Stamford,45.33105463894186,2.435106199706291,19.193787406512588,7.5825518744735225,74.60749154542503,57.09244128439108,3.7899212911717264,3.019074505889988,6.378605298125393
69441.68638903258,Outside Sales,Stamford,27.248627593042137,2.233815941748193,36.21584520706507,5.654291872664106,50.81531353061115,41.803828081548126,2.648962485509257,36.32892427976415,3.413973523579359
85915.20177205915,Inside Sales,Utica,19.740290724755404,4.3586908139225224,13.933571567267931,5.332109222834666,74.08813470351699,19.734143857436546,1.8789819713909899,27.163476157673262,8.737039743605454
104174.5230941279,Inside Sales,Stamford,57.11677885784564,2.308676982355435,20.131629644103096,5.74100480212088,60.904003525190404,31.44847603712288,2.845665799017495,48.37387879845902,8.84964932508673
52521.669690488285,Outside Sales,Stamford,40.69297156531811,1.0460094672673719,26.1054193388597,4.7086239672252574,66.91685134814685,55.802240955860135,2.4200085667483555,38.34124753465952,5.7680769946682124
101361.75174992552,Inside Sales,Stamford,30.578212539655944,1.644920570557566,23.15601257550576,6.481563040027509,59.81726147213861,43.22848567174242,3.3589461186346012,57.43949122830783,8.315119823263364
102194.48263228833,Inside Sales,Utica,51.71911110100509,2.080088652955158,31.085023860297103,6.60209494255344,50.64251005336759,60.65857954406783,1.8704462732394211,37.06773856861339,8.182570348413694
127757.61788730178,Inside Sales,Scranton,32.466616348422946,1.9509927427728626,25.08489797636795,4.599279855171082,71.35334429365352,37.66392218141607,3.014054558434614,40.89716051138697,4.714456220800013
105570.24612861445,Inside Sales,Scranton,33.86215402864616,3.023407222785261,27.09061365150611,6.115446113559326,55.378922645412125,43.04638097778856,1.76226680099473,45.408603981692,3.996903771479389
117185.68045529569,Outside Sales,Albany,41.99276888825101,1.7139742877949646,28.66956979743692,6.837508102811973,64.75474127646147,22.796341219944686,3.229166409417678,61.523215090066216,7.645412051750792
69686.21451591888,Inside Sales,Albany,25.436166729951644,2.947935938972347,11.462828038216594,5.257093402756362,59.517731045295726,64.3567817343171,2.363472800961252,24.94382972933095,4.844883432401507
101271.88655793453,Inside Sales,Scranton,33.47769924534645,2.0743082339502092,21.492693688463003,4.5217998624170885,48.642090043404004,45.80786132990013,3.8055953763329384,67.35932063990448,7.642469406032132
55054.23730914625,Inside Sales,Albany,28.454610959858424,1.2519194661772508,26.47150653965871,6.379416428767803,30.136632204940693,46.05260704302189,2.6231183031534795,22.95919978133562,5.623695307169309
131854.22397662458,Outside Sales,Scranton,48.5714644186742,2.3326083400891924,33.138922450362074,4.027830018340449,53.905835896461745,19.658355170386532,3.1790440961138793,15.329221400677596,5.106127370983537
75604.16554757829,Outside Sales,Utica,40.97334313690881,1.7696432005877485,8.315529927186939,8.182903669367406,62.501460837110635,55.1990781388994,3.9527229279642366,56.48669075514602,8.767882362775756
71633.21438849118,Outside Sales,Utica,35.40410101490497,2.4137092500883086,15.07869834871867,5.998288618477582,56.05581506869564,20.00792178946361,3.3716251301016875,43.48269126441278,7.258371103965935
179941.1525197003,Outside Sales,Scranton,49.89405892378503,4.028442564384182,28.930824023632102,4.574168788579502,48.95057820266206,91.91163672197433,2.8536434692080785,26.45757242123955,6.292013047825033
86723.83384170568,Inside Sales,Scranton,37.59073375381525,2.306222402728188,28.918995862629224,5.475390809229761,39.746183098977795,54.166911888684695,1.5076068024010674,58.88811541814829,6.181871270225322
125955.08562143666,Outside Sales,Scranton,36.0668548854481,2.243058724130185,18.354169836286996,7.384804417137408,60.34559627057099,26.20491162711634,3.1313569480054064,45.366251906068264,7.349725092556914
117100.82164704596,Outside Sales,Stamford,39.21324061176335,0.9316150492577573,10.601207964765411,5.731990607807947,60.93326974607004,38.85324628531153,1.304230998892774,20.47466403763405,7.696746894895824
101834.09980722127,Inside Sales,Utica,32.195022499233936,2.6219883590702686,15.146024793961944,6.046230007975673,77.05036664059922,44.811959789445325,3.652129299481923,40.46530952336219,8.134094148070163
86958.47888157485,Outside Sales,Albany,38.513647239761916,2.2206550236019678,32.2326331686772,7.164314677752425,61.659620946476394,46.950902930024014,2.0787950567096787,34.213236342752644,7.603037015887038
95456.43474544508,Inside Sales,Stamford,46.380662043907954,3.8767847242091604,6.218503128114856,7.691611310162615,79.09386316870216,49.05363482981562,2.9635321716767002,15.775891067402029,4.765734287864128
102986.94584910847,Inside Sales,Scranton,39.83297107048637,0.4528401161004947,19.76762491997179,5.543865027587867,60.310237348170766,45.15527617172138,1.7567597818775171,46.2174481153523,4.775466438017436
96536.0551225304,Outside Sales,Stamford,52.632165111047414,1.5639767197641237,25.93246117070592,7.02752729690784,53.92746495030255,38.572174776540784,2.833166958510099,39.81610391440493,5.764766814356805
101156.25450888445,Outside Sales,Stamford,32.65979637151365,1.869266455349949,21.08328440355181,6.137027560697789,64.11562767319043,50.72185368196183,2.748506333396704,39.21993708188639,9.13390748959242
60420.66308962574,Inside Sales,Stamford,35.22287826149647,2.4683711355078266,21.72488826120596,6.556470621774164,59.21177014887191,47.110156501084134,2.5961469911469277,21.99302803287545,7.738421698240882
145142.34371173254,Inside Sales,Albany,50.02803495676375,1.7814388168979194,33.336492703786405,6.6955211469979705,58.83212348957992,34.725614442109574,2.239025037224418,34.095981274683936,8.365690337420475
132851.41955009286,Inside Sales,Scranton,27.1418231492765,2.596714341834464,19.32662939173649,6.973834782638922,42.57816608703534,42.028468099425766,1.2523540139528664,28.241431330460095,6.942684892672718
163980.6145146424,Outside Sales,Scranton,25.32006373068884,4.873702939665244,23.713542403916936,6.534618739593049,55.44043286507117,47.57541327878603,5.318654571056353,18.172487993426557,8.217308277790142
92334.80823049654,Inside Sales,Utica,43.7998216137873,2.013371917514805,18.79182507590906,5.587999449833974,39.78439153388036,40.57206048141237,1.5698581170341463,32.56275336361661,5.454195629988109
155382.50244655585,Outside Sales,Scranton,34.32019313913855,2.4992218597131237,25.541501072572412,6.738156464566152,54.14685937294861,34.56076816224554,3.3322030191763643,10.961933706086006,7.05207528196561
93236.11376048287,Outside Sales,Stamford,29.186872671575127,1.6585586549112121,19.239041065887157,6.502509140043261,71.92581893431249,60.997481604421765,1.8138339654198954,36.40329833178052,8.798010481250937
53546.50565420129,Outside Sales,Stamford,29.654919052226674,3.4832140832279053,24.41399236660832,6.848421460762514,12.22929345636593,49.258966333084274,1.411920040273653,4.8343567571820545,5.215168976303083
100100.07179889514,Inside Sales,Albany,45.13433706681608,1.1676818875952615,21.20396422633859,5.719707606465385,50.59702120905076,54.826189393771664,4.169022940256262,34.066533414235614,9.126887945016259
109454.6553780216,Outside Sales,Utica,31.79810867622239,1.973714969087482,38.66518254694395,6.672081624525587,55.594945111474004,55.63152030214392,2.21253945707016,35.9361647277222,7.2890499117871865
96369.40785988617,Outside Sales,Utica,37.62513523620599,2.6655286256472497,33.93795901969179,5.700914805059803,44.13423203939619,64.70264211391438,2.5461644768206835,0,8.204985284017729
120073.92172179093,Inside Sales,Scranton,30.929431006823165,3.259868982225779,17.615335175479945,6.547262814570373,42.08591510594178,58.18940709346124,4.623160891351606,70.81144946391785,6.5520095975644495
102015.36776491368,Outside Sales,Utica,41.9100991279769,2.6531835792501766,18.14419842374681,4.8317298099526305,83.42162592853555,24.60049683627106,3.4329161880116836,43.422370131341346,7.7388849891695175
111323.54170539076,Outside Sales,Stamford,32.00989788338054,3.044617101212754,12.052021256719744,9.232204991682805,69.31848046202141,22.76111073869841,3.0262623353871105,21.065062609053022,7.292541492201126
79056.09649860933,Inside Sales,Scranton,42.049425170628616,1.0013889236814082,14.453741583374478,6.442450694932958,45.3945959636008,42.04491994682384,2.2030651718329324,67.79968206029467,5.8704370482770445
63019.11743581376,Inside Sales,Stamford,33.067635828930605,1.823320142852796,8.223154231715581,6.030771435736639,62.62293396830456,58.49624234098352,2.4452294190334474,62.67968868176747,5.958138079768627
73483.544155801,Outside Sales,Stamford,54.712432208731045,2.308953038296024,26.52415533553879,4.200964457007564,53.146012408299576,54.67896795220377,2.4466763128735005,4.514735162209504,7.031531755106831
156620.35369785188,Inside Sales,Scranton,41.61870309004175,3.451805563764142,15.259538730690506,6.063528013856985,46.6639988212217,65.3843659517493,2.3056841374538237,34.293737139888115,7.786745091657428
169907.17820679903,Outside Sales,Scranton,21.218571329954816,2.3849422328130765,21.12097146973835,6.544571318261647,66.6843493707458,40.17060901957801,4.1413816017579554,19.64130878565037,8.383782537618863
98961.14833462723,Outside Sales,Stamford,50.3743746842537,2.1524225735969704,34.414419828432386,6.6454566362072836,69.15681664269067,29.824909810309435,2.6876930248903093,45.32909348420395,6.9665681040991645
106730.87004201574,Outside Sales,Scranton,37.32856845013664,2.478520019625718,26.586169349617634,6.063974333302855,46.37687339955828,25.254708674103014,1.9314034794828854,0,6.726317139337385
124518.55145986461,Inside Sales,Albany,40.05014509740476,1.3124558936180104,12.921080844026887,5.99618550644494,88.61031821796472,68.30351401692813,3.6275547716241956,63.16651128907448,6.829415927390208
88646.66466666815,Outside Sales,Scranton,50.49790573909996,0.9795839760480256,16.10071296653273,6.858882490672738,45.81630134540792,72.89665358239675,2.8247678312120263,12.34557004561518,7.06798601583357
78801.99142634709,Outside Sales,Utica,41.652399146153655,2.8290998170055377,9.030812428373029,7.592432338844247,71.03490204028306,32.20594057229486,0.8524794746623265,27.17933674629471,6.973098832443958
163094.47933290454,Outside Sales,Scranton,61.05230838813849,1.4924208094093663,13.488410823829001,5.1736333831028105,59.92744578361039,34.86825372126845,1.779386195911254,42.49355508251774,7.155701534591666
105658.30040735817,Inside Sales,Scranton,33.26298887185628,2.6892135717333705,32.39291084087684,5.87115377944663,54.49259752625886,80.57858940833763,2.1273995631069247,58.592162667052776,7.184049033675396
103693.6442867096,Inside Sales,Scranton,41.17166654393623,1.1253275770894509,25.212661748633522,4.610840445211389,58.40075479312904,30.989277763169575,3.1202970339272253,28.174816095978073,6.8012208689684295
69129.19106181778,Outside Sales,Stamford,42.276450271621975,1.6666242927623378,12.33860873276805,5.434615974909052,78.2256610231993,31.023209348385933,1.9130961440464387,30.61079486578187,5.159585004198879
100990.33805018292,Outside Sales,Utica,45.12714597658374,2.4601139243341934,26.24558848987227,4.333144181321429,76.38824689992698,28.204248207631952,2.674271084183335,57.81965544387377,6.9424858585698415
82709.28298878823,Outside Sales,Stamford,45.481439267306925,1.261705543694317,27.160137301418523,5.139316591371373,60.18108723886971,25.59052014028956,1.658537859768463,67.57775547855266,7.235356163566871
103560.8602427119,Inside Sales,Utica,42.938281368616195,2.237055797314196,14.328323870003821,7.892719223583606,72.25989933777294,35.578469261801985,3.8496220858102808,50.62177512147648,9.225842286919374
109913.86218754835,Inside Sales,Stamford,26.81952517164786,2.630248052618291,20.96579324025166,7.623618880196514,59.074115735596735,73.51638828338463,2.5895541529461474,36.819516845250604,6.79862081134331
174108.8714617859,Inside Sales,Scranton,34.2796670134086,4.005276326967973,22.75761970257932,5.400069031837762,72.36016830183014,38.67443570509302,2.6022310522318954,37.37902557057681,5.750298469773832
101309.16509189527,Outside Sales,Utica,38.63934816825236,1.7384561499018987,24.376600664097847,6.5580462604148275,58.313047786346814,18.92314220645589,1.6553185565754824,22.094400046513112,3.6855566118870056
142419.385019224,Inside Sales,Scranton,33.55155363735482,2.8488964353777657,27.599064633239315,6.55993522446005,80.8139639513699,54.21171782420521,2.3673340152517937,8.140852074787936,6.876954406652057
75872.79254179946,Outside Sales,Utica,40.899289411943236,3.104381147927497,25.7562927922043,9.571012555326009,36.51778063229053,13.848442867869025,3.5305683200720646,60.69500115833044,3.5548581189758797
129034.37950487506,Inside Sales,Scranton,30.832137790618663,4.7324327447433365,22.31593034855956,4.195769039881906,77.47621653148234,33.88734725774466,1.8843055108577362,35.138872423775354,5.525206794425872
36478.68652626669,Inside Sales,Utica,46.16404653247994,4.170564667483639,40.49860043517314,5.724602930557043,62.67091926522031,65.24089719661958,2.2154258613676125,57.03041363045941,4.137552621626318
107177.04824181918,Outside Sales,Scranton,39.86785235313183,3.3003770765124063,21.50314549129769,6.591448935045396,74.04404407661443,42.78650464321555,2.4206619559889777,71.17026758537092,6.461678026158078
82871.24352186653,Inside Sales,Utica,42.93058164504261,3.7304133795227674,9.875684213723368,4.950142530210552,83.80096435380698,6.915159042946726,0.6119409537722342,35.41363531345652,8.184467314010705
134715.66193205124,Inside Sales,Scranton,36.00474244130054,2.0507028859744585,15.438513213521148,6.144591140372697,74.20697910347317,66.50468007365667,2.7294688319539504,44.21676815950274,8.022578420753746
123210.99203567581,Inside Sales,Scranton,31.863825360397957,3.462185046463388,19.340107979282692,4.647591055824859,87.57647372735997,22.310248742452377,0.5233703403714678,17.24378708586443,5.536304919589732
148363.7629671418,Inside Sales,Scranton,51.138713627651725,1.780045624639087,28.056957187968088,5.907912717267625,68.75706797785101,43.31328978682455,4.339985100158406,43.1610368121945,7.336359254991897
133270.43000950507,Outside Sales,Scranton,30.237429011702023,3.0556127304336265,11.982216503281911,7.776657462259777,34.994080986773355,51.59769091539075,2.622137253079716,27.466665466045203,5.9029713636294705
86667.08880630204,Outside Sales,Albany,30.796545303580103,2.5170083478313785,12.473830049850012,6.191873756485033,52.92889189829318,22.562014523422462,2.214624308890412,17.962449864432017,7.867673696483599
141892.9268225811,Inside Sales,Scranton,31.83372230777147,1.8913921253213566,20.002247170094343,6.315196602815522,73.94085205602644,32.82109674952723,2.466476172961232,33.52494625246775,6.2342115960895805
151524.18402445273,Outside Sales,Scranton,54.39190370696101,2.8080477779763715,26.30643231636091,6.058576332520212,53.037597002319636,43.295613081891666,3.3567346040673116,15.199058771551917,7.721234854613278
102977.35716681519,Inside Sales,Utica,37.057302014634296,3.256049618353628,27.25692591978442,4.676202087970802,65.39509911158208,38.48107298472087,2.5098363204951926,40.194506494629245,5.646393632134262
120294.93877920606,Outside Sales,Utica,48.00327074115281,3.0322424412310323,19.670444564444008,2.5145737930752445,53.295891114644746,50.47628613339031,2.9014393035614168,37.66003799347711,7.1125752804139575
68579.9838810277,Inside Sales,Albany,28.752301151532752,1.2914192009586147,15.77298234001322,6.741899230514149,66.14051435343166,45.74106693837034,3.195775536295748,48.21810967917901,5.700972704448464
121447.02009447505,Inside Sales,Scranton,34.18288775186875,0.8042173323307547,37.37532302027959,4.6734540636967,59.97361067398598,21.801652963225642,2.0856323667787846,42.07260936564762,6.260624067540258
113253.71915293811,Inside Sales,Scranton,36.56765523639994,2.186573317835125,25.203421683272065,1.9495311343306632,59.369619619381254,24.49275680210877,2.094229032937847,11.909508823790954,8.190288400421894
139894.4694268521,Inside Sales,Scranton,43.92353757775396,1.1802203489056216,22.65238399158903,5.896036403617729,68.07685431745492,36.97519937729018,3.219525216613034,0,8.960550803382178
90952.39861938084,Outside Sales,Stamford,35.26881899166116,2.4101643218961586,26.043790662171137,4.479193941394923,79.23275194298846,49.248637318049575,2.9036718593598088,54.46830868702395,7.015772393683864
61383.53788664401,Inside Sales,Stamford,44.26906521694399,2.381529036450623,16.745572487390966,6.224509994788184,54.36890650104414,70.88288250905748,2.99355917304982,49.97544403451083,7.756845574086048
73512.24277209758,Inside Sales,Utica,39.014950353437854,1.8992372608587225,23.57494913687368,5.649223612924344,44.4704464585106,71.76963173602307,4.51817769516807,43.60599286594612,7.978928158206749
90388.73813335273,Outside Sales,Scranton,39.62230905259012,0.7195493014643688,25.293639753784447,6.36449283549055,75.0190509348924,45.692142701566084,3.109470430672247,14.852877663475384,5.893344401039031
69132.72130354296,Inside Sales,Stamford,57.09083987645661,1.9467247937282637,16.93329171450763,7.786521201534878,41.72382236649791,15.196973629892511,0.9652467851722997,18.978846764252697,5.0649285759071905
44844.49606395257,Inside Sales,Utica,31.904793580862453,1.9689070872663326,20.189001991935047,4.592744626894779,64.36269933412238,59.51310017390736,4.123231646866864,21.92722037628486,7.470287375505747
120204.0304749156,Outside Sales,Scranton,46.77751673195812,0.7390243230541937,25.961103037405767,7.299371185530132,70.08521039954448,63.77667458314892,0.41164513960110405,36.44144449302522,6.99768885198982
106805.40267842311,Outside Sales,Scranton,47.8760475685377,2.996686039962236,11.03637885519747,5.987149320408347,63.12011122806744,39.77436949754963,2.8458293867294326,61.995752033064576,7.03876329969498
132968.4680436522,Inside Sales,Scranton,53.00647223427047,2.2335369042162356,30.03518945647352,5.19020873407145,84.25290052265296,50.615768834414965,3.0272174997088825,62.58821960937786,6.478010111949575
119304.54505968375,Inside Sales,Scranton,40.91707868129584,2.455545242656171,20.671504077264636,5.145250654382305,58.662897712649034,33.04170724980139,2.4481423263886066,41.181017055875,4.847390223094151
96927.50219654225,Inside Sales,Albany,40.25706459201458,2.997736811215371,17.910304929150634,5.363894183667397,75.06915925316538,44.969955310028745,1.6517440290788965,16.610726779050715,8.940245242539627
73276.36088597582,Inside Sales,Stamford,39.37978229312528,3.56082868456631,16.62788994660435,5.1969743996521665,78.7827805274967,51.14499167692014,2.5898784936535004,51.722732117166714,6.466434961469419
97439.99853056233,Inside Sales,Stamford,44.437063753964196,1.091456929746053,33.029639673029685,4.097008795850181,59.529321057547435,59.4655037383625,2.6596203148873783,30.23078167591377,8.210418227614655
67054.20439675555,Inside Sales,Stamford,43.49487457245189,4.727838545974979,19.437629825645562,5.261124933513673,67.53605862797342,54.38058606499106,2.4126349812636763,10.598096036687044,5.886478035729668
100034.73102531472,Inside Sales,Albany,35.463647979039536,1.7261480934875348,22.30402509742684,6.953560036063658,49.90739343369582,51.537834916668466,2.2976318852282946,17.462807118516004,7.702752565447845
64092.77183708357,Outside Sales,Utica,45.97398320838583,2.4895716379100867,17.78171828175584,5.652888274029967,76.22767317276701,25.587767441959326,2.567968866549772,23.650543871096506,6.5451792550704635
163989.14037031907,Inside Sales,Scranton,43.347142344105535,2.946353665906974,15.549337162087529,4.980291616016654,69.35653904114561,67.61701821218905,1.137710584948199,29.182151712518703,7.865645560266673
93464.1564183894,Inside Sales,Scranton,44.3010645343428,1.9247758275708853,26.056116699898833,6.921502553326946,38.245140653077335,8.283340041406852,4.080511949765041,59.28004333068489,7.995652139534139
86237.82539669977,Outside Sales,Albany,63.33421515530139,3.5240176773535277,21.503965442354264,4.748896644520926,61.62635657028608,31.934865163852745,3.4763174874613414,49.561623652154566,7.405698827035265
124812.14614616298,Inside Sales,Scranton,40.493702892381165,2.0776044654618158,23.286613852996638,5.062165049968981,66.6364928356112,64.57991828659766,2.2121717940549517,31.352450352279757,6.218655512257367
63038.686386671034,Inside Sales,Utica,33.37632879970081,2.191355598726919,17.254053766576785,6.595396800491555,71.76776889604642,34.45021121161818,2.1347870430942812,66.61895192609902,6.39786759979441
60316.83372599871,Inside Sales,Utica,41.799927375101646,4.813231115680566,28.919367307806997,5.370040221516602,60.57013519957947,39.71977076470796,2.633357778191636,63.14394696457607,6.393138809201011
112819.79998126112,Outside Sales,Stamford,35.60992093201901,2.444708506614584,25.69103161221207,6.335814080746236,45.642501424753696,83.85735841545252,2.8754950743045073,34.95973889048349,6.2690079912840355
82578.49385313857,Inside Sales,Stamford,31.066812000648643,2.8410783390340106,24.902736492944427,4.381772753971672,58.67542266535458,61.129285986595676,2.8069195015536073,30.20865873211356,6.723997250579368
114343.19452581456,Outside Sales,Albany,34.6114941894899,0.2640822179924367,25.110592638375287,5.1823812362744315,83.71323936871785,23.582292038864786,1.6094122469359582,54.86020972733222,6.79403803926373
143794.35317425887,Inside Sales,Scranton,38.99200637706386,2.546230472140731,30.552609062459386,7.771380981685155,46.70166668203925,38.0655817570481,3.471879195207094,90.6025205653335,7.8013074958604305
138919.44743782034,Inside Sales,Scranton,46.753052843534995,2.4153806666754227,27.561704354724135,5.98056765934184,46.94205938047662,31.61689188441295,3.313317124149433,0,7.185018437922131
114856.831934067,Outside Sales,Scranton,41.212946152950266,0.8883113530166118,18.44366676524918,7.520150731872472,54.75141319180993,47.488317656508194,2.600928848391135,24.93676161520014,6.055430811835861
117095.90774101198,Outside Sales,Scranton,30.582494154391718,2.155971908715652,24.704591455606298,4.538967020680932,29.03393038146091,24.285001018573677,2.7588176808488494,26.652372133018062,7.632272101281458
107537.34566751805,Inside Sales,Scranton,36.59932388907841,1.4921551071240189,22.23629655623622,4.653583902723187,43.322901434070964,41.30043754707881,2.643524818424383,63.44820864438965,7.609529368630194
92531.52855068943,Inside Sales,Stamford,24.232550585483192,1.488263312866283,34.36298508454412,6.079745174608076,37.53704777171234,68.83440104894855,2.937028638685005,61.86826805450873,6.436626591278164
88276.62694489697,Outside Sales,Albany,36.17995240246512,2.3250281224217595,12.862092642964665,7.597279724070145,74.65373946138412,56.63965185809671,2.5489096832322007,35.54831874017636,7.366380032934475
76302.85159853908,Outside Sales,Stamford,26.196344948795698,2.4902885026349852,23.84172081615868,4.8102329354930875,72.73296413406453,54.05384569575594,3.985032080925858,23.306608242745572,6.923077427975865
98985.06248292155,Inside Sales,Albany,25.48928955158795,2.637602287263952,16.402984791650827,5.303157260071157,45.36100496023503,37.14867043447033,1.164828173636385,27.009943721008682,6.604708811359456
143985.34739908195,Inside Sales,Stamford,46.659243274812845,3.744089015113687,9.737634085190145,7.510490350394746,66.35578674256371,40.952605158941324,3.4082742491484534,43.61204463459488,6.307681539585181
91708.29436541519,Inside Sales,Stamford,36.396786988907664,1.8745941945155606,18.64984887340567,6.991375589377699,55.31785003431,52.34754266293706,3.2457191798390164,44.4201653091352,5.515589518067288
105618.00192604584,Outside Sales,Stamford,38.029606410575624,2.4030335627241644,14.944164231954737,5.872238496746831,60.94427983362801,24.048680134577083,2.1038009603818093,10.216425931285691,6.373774789241684
90441.96036851373,Inside Sales,Utica,42.604536489653135,2.6250162756740973,22.36427721533395,6.011758853583268,79.77781609112412,4.8458785378327605,1.7973831673414165,37.23711536664691,6.061723059347114
82269.18543937702,Outside Sales,Scranton,33.89545380584862,3.194069946263291,24.754017306262092,7.370068829618282,34.317425745641366,40.4956226697788,2.703637120041884,42.58069631330439,5.826947972505527
96295.04776784647,Outside Sales,Scranton,36.10186292748863,1.2607410839316966,22.700196395080567,9.12010323968658,56.18777110737268,40.2368393080614,3.0664993414872344,32.41645134241731,6.888240862288373
99688.63580094451,Inside Sales,Utica,32.8470061828398,2.4461347477275934,21.958924076116226,6.347332047262194,64.44841202522514,58.75079976960523,3.7116262096169708,43.821312451171416,6.933972487953231
75830.4352823862,Outside Sales,Stamford,34.81997399445138,2.5535203761307197,26.820400362241763,7.029109777226984,34.16455970787252,37.062099214308645,2.5001792253127104,17.363307808019535,7.984496668457571
123226.69070460863,Outside Sales,Scranton,28.553095782840828,1.1038138457810331,18.62592497393091,6.4276211984307015,60.988099192151154,33.79763645329354,3.3733819087801065,27.569373832035648,7.067855752412298
91552.09660937701,Inside Sales,Albany,45.095469688817296,1.0670111129743107,3.126418251742283,6.9956174169654215,71.82069397804214,54.077334302514025,1.3280448605073996,79.38405048835963,7.917734832010773
171508.19154026252,Inside Sales,Scranton,43.57308422129714,3.6581463623213355,29.884551122765817,7.128648705606304,57.62133821411976,34.66810409784911,1.7035156294219398,48.95241773012605,6.192511295561143
95318.36869233639,Inside Sales,Stamford,30.92808357051872,3.162846841371115,21.195319918861436,6.38070847825412,60.89782750667509,71.00986613261067,2.1080896327753957,34.5047612050189,4.343637495465345
136609.733929499,Outside Sales,Scranton,54.03443646744262,1.7755777720902506,27.160103763663482,6.809444670569799,60.39076200182795,29.411074487329163,2.446292150379251,56.32904897065204,8.07714838272999
51012.63720440506,Inside Sales,Stamford,35.75064298316827,2.6513487223981835,25.781682822616194,7.034500645284498,63.04352372566331,59.44546061630996,2.601844124404943,41.411653222062405,4.3364663713943274
75474.38853111061,Inside Sales,Albany,35.29012343070532,2.2541208328896998,21.0090414162845,8.36026025151337,68.04668322055574,12.945784207745639,2.0690537280117796,43.41626877895237,8.300459997643676
110065.9060839709,Inside Sales,Stamford,24.506011010720155,1.6281877396598115,26.648597063241283,8.03094490134502,58.05838785714329,70.07755164217801,3.071118579524825,70.86830744300013,6.40186988300774
74308.47357565294,Inside Sales,Utica,38.307848130288946,3.2311444188715575,12.998474951170412,3.528436319220631,34.43710565922238,43.86061536699803,3.9623094989534993,5.80086490873448,8.595329074628324
91941.14116938908,Inside Sales,Stamford,29.80057500040915,1.7301477580982865,25.383051892496844,5.248296038341385,79.52642308895783,12.91986935146437,1.9907002265093863,49.60935438735928,7.741110360551425
76664.27557455044,Inside Sales,Utica,41.1624702858428,2.54118266989665,30.893191872953878,10.249741665723649,49.94721045885336,22.613391311336265,2.206222320417194,11.870406638653531,5.483057781067087
123361.64830094036,Inside Sales,Scranton,39.758729259936835,2.985123162008673,32.71642814888073,7.533681408687063,53.50950157278759,43.333726120503556,0.7891649314166678,7.7857132868495995,6.8457361857150785
105613.43859012585,Outside Sales,Scranton,45.73666934042426,3.559708973319624,18.6921468749908,3.235431297096359,54.06665382194227,73.92981972481353,2.311641206023594,3.3686576831740718,5.674954160184493
86054.53858638564,Outside Sales,Stamford,31.93260375269353,1.7348944312337913,19.944738288212783,6.701452519189546,62.90032253492705,36.31328562168059,3.299591732025587,29.607312680734548,3.419006705267302
105637.39058938196,Inside Sales,Scranton,23.036729136525867,3.737601657262127,29.475839608992892,5.850667825398231,58.49184617253237,43.3205941001892,2.051832329227077,24.27694865270917,8.520039382242121
82348.89066294527,Outside Sales,Utica,41.510412027577424,4.496373688823867,18.203837875171985,8.460577779653818,65.14848470892512,59.989360799741426,1.2722019773140356,53.41555620620143,6.733060516598161
88973.8850474189,Inside Sales,Albany,41.97229114168713,2.52283114389971,25.813696049314437,5.261435981585364,53.90033364645518,45.23996192312088,1.3865511977256528,57.45756032404903,7.208001046472035
140607.58571790092,Outside Sales,Scranton,49.555693319079005,1.5502296782639455,20.33833315340309,5.551316249847621,60.73796637028869,41.49517607122641,3.327450053042109,18.498832084841787,4.676401840640574
109048.69610222928,Outside Sales,Albany,36.531327784687356,1.625035943356488,17.2135112853515,8.701596096721445,63.5639141270658,44.781033618393195,3.8271108509109903,33.2939005130734,7.429893815305591
73420.2382055267,Outside Sales,Albany,42.49612138809519,1.8472024356765862,22.407108482043974,5.147031314051426,69.76419001961578,40.37421893706447,1.899025145865398,0,5.834958025602615
144163.33959552326,Outside Sales,Scranton,42.141296603580386,2.9180720406753147,20.934025774902725,5.33667307949741,52.79951390098637,48.871958819684224,3.5433491921576104,15.667303216106092,6.712113175488794
52746.376291857974,Inside Sales,Albany,33.71346163980122,3.7770023433772204,19.081575679922732,4.437949050253559,63.69508265260108,52.730073738429994,2.01482687412625,64.82772289632499,5.246372013657173
112729.5755766607,Inside Sales,Scranton,23.990218486529898,2.423843522318523,17.894312205071433,4.722212508617776,65.73948323761239,19.87498458067909,1.7770838668566533,41.918199613047584,7.271126729587478
71296.09893989399,Inside Sales,Stamford,31.798797147981357,1.5445641124616043,26.9113716760321,4.093056907059493,59.51924543051546,40.49337023133232,3.794056918422134,32.21008769133199,6.821092018932317
125910.62003654953,Outside Sales,Scranton,39.335666501779684,1.886489486062122,34.46610668852834,6.914269403606493,56.63279703821504,32.37661978173153,4.012458794169477,24.88009925030464,7.048478854560468
104286.58354739673,Outside Sales,Albany,39.21886541813791,3.5500397832139874,19.24176922632741,5.432906982571728,73.89512851161957,54.11567649445972,2.51925509738644,17.2285596275546,10
114435.38867721955,Inside Sales,Scranton,25.64892343572573,0.947440593327812,13.703461032872214,7.854456278320189,63.68763886412232,44.497594844376295,1.3550529010690464,22.302021137546983,7.0770672760939934
54537.86903200482,Inside Sales,Utica,37.162066903689045,2.3677860248364437,15.683266118998066,5.543227449906213,24.492950413587366,24.54458067186277,2.852007387761198,46.64003682276956,6.108797133809733
86158.2588058675,Outside Sales,Utica,27.936128590448305,1.7949807020721689,23.3825209824849,6.266684679090517,57.81765257947106,52.01315225220632,1.3869292963561142,40.7349141963641,6.886493405879528
95568.62376865232,Inside Sales,Stamford,44.703446217947636,3.2653921897212292,22.110020457687643,5.030758915657622,54.34696517058923,10.797450114821231,2.9152214687406475,74.24591142515283,4.7508876293378774
95607.41273067804,Inside Sales,Utica,38.69914327362097,2.7381652005397816,14.427693474554122,6.933340488058976,62.69687440593273,60.41346556546584,3.9079659891574163,34.05020352862369,6.95944322797575
93837.1702786223,Inside Sales,Stamford,33.50064086773305,2.1108354786400594,23.585708545846476,8.730212094423475,64.93717648333639,20.34078299705476,2.4917508543882128,43.32003019444284,5.747585658003741
144668.74897498768,Inside Sales,Albany,43.505691310484316,0.5995876866347787,21.300456353205256,6.639958915827831,65.17088714327774,73.95396879332893,2.561725557396124,22.76209290237033,6.680291224914794
117396.72522683539,Inside Sales,Utica,30.178687020355603,2.641806906875677,24.19336268658236,7.473185986123641,69.35332997659715,36.17735684470263,0.7867874464917546,30.16243179510061,8.27228480844515
107018.57776000006,Inside Sales,Stamford,48.495421913088066,1.2302548774114168,21.214578354433073,6.129458791362138,45.75142036149635,38.959552338732124,2.113516848265204,44.84948919088509,6.6243887675366
62013.25341409924,Outside Sales,Stamford,31.07241525029172,1.875577643712358,11.75572662054066,6.202312924346074,39.578176258058775,26.27602562955361,4.1490056462741,56.483396951734214,7.40520597242054
105961.86173152791,Inside Sales,Scranton,21.734800697938926,3.933345616342409,31.658298593423346,4.9126597113187245,58.10705980294556,16.905406964159486,1.275155798290247,70.55377474720446,7.12246577800127
121880.65749236773,Inside Sales,Albany,29.742808334139596,4.156750403778306,31.576045762348986,4.670199143497455,56.25390935490812,49.51201445659022,3.033968628874996,28.869830997577733,9.996469730529418
61180.2942319275,Inside Sales,Albany,34.79189001886139,3.477577709769748,22.29032443453013,3.6537841945309806,69.4723064810673,21.485029407225444,1.8451861159423848,16.169697543846222,8.761764740570658
109272.11163755058,Outside Sales,Stamford,36.4110166389308,2.5725285715491575,32.87222477645231,4.725677450682372,76.3545443727783,57.485399361803566,1.677537974904301,27.038593390512496,7.41425296070913
133805.61784687132,Outside Sales,Utica,30.806198512881565,1.8021547342999733,28.43110200814204,7.191489135445673,58.42857348620859,13.338016039121875,4.158668362823574,56.60160336595368,5.163064585645966
107705.58490381154,Inside Sales,Scranton,34.464832167588696,2.884097169333492,15.003269817922055,7.035101849981298,37.36880673830698,34.50524088638438,0.5613124918501771,48.17845045894956,9.614816802824908
119442.85509721441,Outside Sales,Utica,40.46352574091957,3.235423819970879,27.882053557976302,6.5182342963895055,77.45407354462678,54.640559530275524,4.359680851303421,35.55978201960877,8.447153684128546
66428.83025808228,Outside Sales,Utica,40.32327784251722,3.2751480599302827,14.192672476412707,6.462956138517232,65.38563132314044,42.40320935602863,1.4029190748477947,57.54550268651604,6.794016782590079
83410.1082906862,Inside Sales,Albany,38.99370857318988,1.1420557389386847,19.637799450620392,6.328699832234291,57.5984265278039,55.7916357692518,1.2317819486704347,35.772279332015984,6.598576510113589
101371.00474729712,Outside Sales,Scranton,29.763549897297906,1.2562723242153202,25.409612328817996,4.879533397002075,69.00976173501785,48.60055538470763,2.9946181703165404,68.54223482000492,5.597117334361913
101628.24117757774,Inside Sales,Stamford,39.91642984910503,1.5222632596511285,31.370139096900875,5.208894062305352,60.32831346515537,45.5785634779047,2.826405959152802,13.77961895528306,7.0662700933012355
144252.35976893088,Outside Sales,Scranton,50.630018071224036,2.7994737091164894,16.631654024806583,7.166258349810016,91.01356569777217,74.87959384336807,1.797947928736573,32.298799060873144,8.643663809947073
68569.98023589839,Inside Sales,Stamford,30.724086720496683,1.0108287013226323,23.6482853774576,5.696180758868656,52.45310168611624,29.038267849171074,1.4142413707273218,40.66967924261062,5.679445402663907
105490.54384636554,Outside Sales,Stamford,55.27580206183786,3.211396958540506,30.36344284968182,6.558540352852841,61.41157158634199,43.71893113041659,1.6929238104928797,45.69546529803433,6.437244078900223
107400.98709606854,Outside Sales,Albany,45.791019958771074,0.9055628309793136,22.26325881154032,5.388010815432936,45.475624859948574,32.47776253592974,3.8199939334539095,63.88918445145812,7.266183214535499
79742.0391645926,Outside Sales,Albany,26.62483051004242,2.8149742549814216,9.414128051182221,3.8549298385534687,41.340432900191566,32.1088363175506,2.5450829335583265,30.802592695025,8.084084376718975
146296.7557710086,Outside Sales,Scranton,29.39036710435073,2.2992895201863384,28.514245404334016,7.893981851481112,69.69221668926856,40.64293488528965,4.116405226145346,40.45277547650716,6.910045253981231
117333.87867638363,Inside Sales,Scranton,35.269669449262615,2.4886828577266757,26.341800832701445,6.042029020387475,76.93904666891682,30.351183740558472,3.395018641699604,50.734544892120084,7.923848939764295
83829.76409823129,Inside Sales,Stamford,37.98016755589492,4.314160776878355,28.54606647053935,5.776560757069838,69.4624990264826,57.389135682920475,3.1623008755126225,18.818231648349673,5.296667992755343
170754.56622738147,Inside Sales,Scranton,29.782357805219107,2.3054141564082036,21.636034229094626,6.873529159716795,41.66301304510185,59.107344018467685,3.7975316570674,11.939363491725393,7.20093619491086
85073.24853917332,Outside Sales,Scranton,32.153211412011494,2.397726974181706,30.54542945468256,9.576290589500273,65.37066934700547,52.18194636109828,2.0561388786459105,10.723220337165726,7.928057243317332
68476.74397677172,Outside Sales,Stamford,41.38679969829284,2.0596041565374232,23.19146432538053,6.254242595869171,47.136966870975336,14.33436948483423,3.403528363494979,45.81078382489084,5.363639460535755
154000.38792687052,Inside Sales,Scranton,40.5019674438383,3.1621706826774427,22.336570846112757,8.471536753063175,65.21287267868287,37.85392389638175,3.5063175243343077,25.629499327369565,4.322073557669087
77538.37524734485,Inside Sales,Albany,31.20751198664792,3.8013635986238326,21.419536318607562,7.571337911704133,31.87477409079131,51.486124088826244,2.009313005033865,27.361557233723666,5.307177660762683
123779.63017712245,Inside Sales,Scranton,33.742237540524776,1.3885687807950877,38.17162073973144,5.387525258364126,75.80285033532469,42.29663994429597,4.945452349180304,21.958212751208862,7.303641250847441
56870.76389943112,Inside Sales,Utica,29.77444615605446,2.6659887901291754,27.808382485127126,7.222028304529965,84.38176324311621,67.7571480178196,3.4307532293967404,45.7679144890919,5.986561475201908
83831.48115949603,Inside Sales,Stamford,14.570302615160497,0.7650718354626378,5.063831347818238,6.461945665574479,62.03438257559834,38.651974960263466,2.9211663829440493,31.498912013728873,7.020892709640732
81687.47158840588,Outside Sales,Utica,32.6587925161916,3.9710346171976423,18.820528299632592,7.544712327320601,77.25849606761237,42.94973824125551,3.0905373741159803,22.062525020791462,6.2189635740493
79713.36926159156,Inside Sales,Stamford,32.24918094884144,2.871682706557319,27.34617581127484,7.263218829996614,50.23620962838775,49.43155976698895,2.90365763193667,58.38451736416542,4.0858187981666685
63375.17972894537,Outside Sales,Stamford,37.04674739315982,3.920891969425331,17.611476583267553,5.583649069037409,57.42255863675194,52.51717676842618,4.142141558552992,37.94748927300132,4.101330602917105
120570.16876645575,Inside Sales,Scranton,29.177379609238482,1.9240673254441685,16.199264871761436,3.8095776775747665,70.3710547057515,51.766181681742964,2.277553689118664,33.16108859175004,4.960516814698564
84510.69157111575,Outside Sales,Utica,42.2861191367377,2.6895729529935886,16.555918150420197,6.894475661036706,60.50748831065397,36.94867670528484,3.359164356685258,23.618687245831048,5.743814120706455
89419.31942732367,Outside Sales,Utica,25.28847844038676,3.6155954860037496,24.486407771789736,6.600326692844565,43.37579962009421,68.03402184129587,1.7910290564925582,83.22479234179896,6.76937905236183
129334.68874004677,Inside Sales,Albany,52.679028371495484,2.9603858993279486,18.300596640120347,5.303077948996414,57.70402538851439,52.19445815150471,0.4614022035953069,33.61711063539608,4.195046620897033
71108.95908672357,Inside Sales,Utica,27.848127059528885,3.288348664269709,21.932008010571522,7.140443944627546,55.02662501518413,51.13479634316701,1.4496622017385783,47.893150983878755,8.75235026466501
56798.30556219645,Inside Sales,Albany,41.9460598057035,3.6767576390061762,21.064755788895567,5.826664299798982,54.09568920907265,29.277315662518067,4.033810509897294,34.1980465425873,3.3616957238619225
131175.08316754946,Inside Sales,Utica,55.10585210941236,2.098314647504469,20.939673529714415,8.724461710474136,69.8478452171591,29.908952599150357,3.775850214045892,19.008580839475997,7.13861390497731
118815.90000022638,Inside Sales,Scranton,31.69315618220143,2.5335101451719346,18.306112265395193,6.440307030794476,79.61093555649516,34.79466450725391,2.4531372728233194,19.542621740813143,4.688424412009172
80574.7185028452,Inside Sales,Stamford,34.6543455482948,2.482409264596907,16.48562366504454,5.562288056009112,62.80103727775749,34.91885248537634,2.983539412704521,58.16892024462263,8.407858530202658
104377.9780832207,Inside Sales,Scranton,31.893470767724956,1.9625013368544264,32.7153756040282,8.264260228362494,64.58300658586184,59.243089798465796,1.1670005024971302,27.705591747552816,7.4250941659103145
102097.54297084482,Outside Sales,Albany,38.91306156015396,0.35523454256780207,28.20581349074139,2.605452716529558,68.97622501155018,59.47040507919678,2.673474105003538,9.626735719118608,7.1546831733031
90891.88247323256,Outside Sales,Stamford,42.97951850646339,1.8389185822268133,22.944786356982274,5.927477111564627,60.02606754142482,57.90304822835793,2.801883526507433,35.69786798862027,6.319548344096873
124749.1966603342,Outside Sales,Scranton,24.30001103755739,3.903641694761012,22.972927293727015,7.556280468844532,88.68335731556122,43.86024233528547,1.8643145853265088,38.50590344115223,9.90674660667421
175361.92199955715,Inside Sales,Scranton,28.806056283580958,4.703539579028072,23.6011076357051,6.260422184819562,63.69395003664812,34.01615600677014,2.8986204173223094,18.09191691118623,5.762560654383109
88871.09491714684,Inside Sales,Scranton,25.48386076104046,1.398622025464239,34.929294948690334,6.224001889635781,64.03727905007034,20.311318795172664,2.197272066333949,59.37941800147966,7.387166082544458
138855.13262330994,Outside Sales,Scranton,41.90005816328344,1.7634353823188726,19.46897625023545,7.216330324447856,81.81436863009947,24.758719575858933,2.5480991697570787,64.5134631701098,6.893102831999749
88442.82034617946,Outside Sales,Utica,41.32728732924923,0.31879737019096543,13.928488626497822,4.132780708743412,30.66868856532973,69.75365389586507,1.9790723577879388,49.746618783269184,9.651983662401529
116793.84844685177,Inside Sales,Scranton,31.614557189351267,2.670950333486192,22.524006726108293,5.438714581515835,65.95110890841417,32.406597640362634,2.8212287249152483,54.16499711927281,5.855267700805076
78050.43138804023,Outside Sales,Utica,28.829455375867234,1.88762364036748,25.946959980695322,5.520075158594445,54.86218453726399,30.226285491979255,3.7409453581108663,12.528968389613015,8.888833037598031
70569.27369810331,Outside Sales,Scranton,23.233283719996905,1.178383811591961,22.921833161734806,5.620720231373921,52.84303323882663,36.278615133254064,3.2837385111846933,34.6416908366127,7.077374416533653
121778.92800150297,Outside Sales,Albany,44.144394609274975,2.102235475159927,19.098488768174686,7.686204746512545,58.01547327219338,30.071376534895098,2.3235049269670003,72.96565164540793,6.600850418592768
122948.36779931335,Inside Sales,Utica,31.233109578123134,1.4266068568886159,28.036344344026606,5.36599639593088,92.539934248029,32.381685153227764,3.0171072727347448,13.511540688027344,9.145746882511029
120780.5394441004,Outside Sales,Stamford,44.44613220570525,3.355105507380183,32.65738498945271,5.910825071538728,65.64234951064239,74.00383585265378,2.2168516246106758,38.81273443148007,8.861053221607216
138516.77480639506,Inside Sales,Scranton,55.955012675951764,2.8232328726097604,22.375158146674305,4.929880408614278,55.56232047394392,33.848074176677535,0.9596268287612029,17.355210017017374,6.050614256161393
50781.11234896122,Inside Sales,Utica,50.11522740635704,2.506219927694548,35.04027975719574,3.5760794592246556,44.196591115732666,37.81654173563392,0.8459944075290882,44.71522053102502,6.194545003956745
127861.897526245,Inside Sales,Scranton,30.55783592873839,3.3165225420242286,12.146431763237832,9.129454799640788,86.23272764645219,44.31970296241405,1.2104296850066922,61.63550023565864,5.341574955374089
97336.51307826747,Outside Sales,Albany,48.246186507597834,2.9092450883729413,16.41189680136344,7.188813037525151,47.483827092426324,77.38581842881824,3.178730935289487,25.30610570194855,6.343581369573515
49207.29047421766,Inside Sales,Stamford,31.963308599266906,0.04539309543602865,29.900711009856785,5.741207621443321,65.3222397157253,39.100735690778386,3.983796016397114,43.559579965012645,6.1818530954741835
114454.36933750861,Inside Sales,Scranton,40.59474803710634,2.6818605128380506,18.002065953535052,6.9457135519970175,70.20381817564648,49.707245555500286,2.6048337313114147,7.790004097656973,7.060504276935446
138584.80817940764,Outside Sales,Scranton,39.474562246813434,2.90398246963107,30.08667093736939,6.273499425918187,69.26941095539118,50.88059581366287,1.9409194752118066,24.437006977534967,8.296608949051913
67494.83108078345,Inside Sales,Albany,42.89335232988735,2.72493030559444,17.363719111499734,5.545959163397642,51.318741582327526,40.633628318883474,3.63965884508194,46.841813507067265,6.722363218246657
73348.9765577256,Inside Sales,Stamford,38.08064704426924,1.7982391268020397,30.591811375882145,4.721824655259848,48.902064015978404,10.305075905459027,3.037346255989706,47.37720593434668,7.243855421473983
118897.95842466876,Outside Sales,Scranton,40.622957562016644,2.530197515413201,19.33954455315606,5.485512281038579,45.59616952742709,67.6977031425063,4.43913008833237,0,4.99500725022499
61467.16516218704,Outside Sales,Utica,43.68890200698994,2.24160371198954,21.771524547194097,3.855642071305473,64.12812390537417,42.70260132912924,3.221057360363131,33.89630834428279,4.967599663846894
84898.17322383724,Outside Sales,Scranton,18.899347478670773,1.2320462830219419,24.50046474418696,3.5095380825380253,63.69242081472402,52.90651980115741,3.3424358032939963,21.58080239983661,5.983904740718467
102313.09589826234,Outside Sales,Stamford,35.54195448144721,4.367070027794603,13.290193933683563,3.5388048347497914,57.57033454394604,34.01161391575253,3.8181430867062183,40.80374793363356,7.943671878836727
89351.07018578218,Inside Sales,Stamford,41.41342685583395,0.8348556872468604,21.705226161515483,4.85888440567188,43.396324224202,55.039406321865755,3.5789505936384343,8.357971979181897,7.5725494786991
131144.73685600655,Outside Sales,Utica,39.866704244348014,1.7243205628402878,22.152182009911233,6.009821866551319,40.25350230481313,59.52971497577277,1.6897416468752868,19.71824530853295,9.998099313818354
90206.61253773578,Outside Sales,Stamford,39.170679343829754,3.58624456882539,30.690436426540238,4.534117158533075,75.00438628904072,69.52505553600432,3.952064031639683,39.64799052721474,7.431610104018199
169090.74242163484,Inside Sales,Scranton,53.56113706867427,0.7689094081861807,14.660958170040626,7.74799425423947,59.514638270267184,31.0471083064694,2.539470463501395,24.199230784831727,7.436783536539468
122460.68988598407,Outside Sales,Scranton,36.81400354677615,3.0821094875717803,30.966062107237445,5.258207702803886,61.49459484731817,49.4889884792029,3.8416275407068188,9.54389136172123,5.403049554600787
67866.94891104683,Inside Sales,Albany,38.811620350957,2.0797933524612415,21.34418937612909,4.9756991817555525,71.51524554273658,42.187413600828656,3.326603649073249,30.06830071775538,6.247872203511293
128423.63551131188,Inside Sales,Scranton,36.89609649595788,2.0466584230480906,19.422418311297,6.400773567739536,66.1202399002307,39.34246489518215,2.447498502090915,50.98354844236641,7.390732395079555
119288.60881705866,Outside Sales,Scranton,59.13187375233374,0.47232263766058113,28.48741340004906,6.075539076784575,47.79890020243919,30.74372060355531,3.0453569930271245,27.74397213913199,6.97516459597223
118936.47366825586,Outside Sales,Scranton,32.39874024331574,1.6931219245228193,24.12193563836686,4.459728347848388,44.596424577866316,55.134477717988474,2.5200525174397255,47.39706391283605,8.129976517076955
85528.3405894696,Outside Sales,Utica,47.864721169271846,2.81353032883301,28.183388027243524,8.015759023341015,39.17159118662376,52.55894203979101,3.892452062015127,33.46960160667272,6.590386645801606
80155.66265997954,Inside Sales,Albany,48.24162830159204,1.9972534878111843,33.32824731879381,6.272186019723762,46.31391428622501,76.33658756511423,2.1092737045785954,39.28777433816042,7.823506603685525
86479.12896884367,Inside Sales,Stamford,31.333566027122355,3.608571922989676,21.621611735578796,7.918063747665869,61.57306376951164,12.13866413078565,3.4446034051808643,58.003825047455706,8.524820698603802
103025.80809479264,Inside Sales,Scranton,49.139141958249205,2.4662582697862474,9.733083947083163,7.106111968957877,64.1199166601706,77.6248768369545,0.39723510216286373,47.88758897899979,8.0498654191815735
77543.85232946425,Inside Sales,Stamford,43.306576378234865,2.3885316389089786,18.424674786727476,7.532428636240913,46.871061741337954,36.33583208831219,1.8905331151861473,31.70977078568445,7.610585751671752
172869.8992889187,Outside Sales,Scranton,47.06676527328386,2.313356708448454,20.487968259255354,4.440640548796592,79.42378760432484,63.94038081612851,2.42905402381265,17.627505623625982,7.095595493341026
68315.17979530261,Outside Sales,Utica,22.222941441666883,2.8143496813383297,22.576512274505006,5.047576104613307,64.98664362547021,48.4681876058459,1.4007627233951467,45.70488675351978,6.204235335649687
130172.89010257517,Outside Sales,Scranton,31.039114216606926,3.6874900356499194,11.132414903771421,5.729675459478924,90.36030613073616,54.277869431528984,4.02582433107147,45.31697602757946,3.503242280252045
152167.9569114962,Outside Sales,Scranton,34.51938233814685,3.253323347499598,17.040798594940313,3.811468217923642,70.17709583188703,49.755801749412,2.069988406357353,42.86162570854119,8.146203409790827
151894.0809213419,Outside Sales,Albany,39.69512778400939,3.2117493677315343,18.72038382658994,6.960924283156366,58.608895355513965,65.99478960346924,0.9479516325809398,21.723669722849703,9.545700832201971
154125.6160525638,Inside Sales,Scranton,37.44250591839521,3.941818141844497,20.46343466599498,6.722931399982767,72.62921187892249,35.48198571075652,1.9876293776845353,44.28160467473401,6.673778163878706
87483.58495962166,Outside Sales,Utica,36.66450596490064,1.9750325506272524,17.55871847889982,6.22320967243792,64.76704872954996,57.72350396200562,3.697795065007598,51.84166277700201,8.852807512260283
138183.96604719327,Outside Sales,Scranton,43.391948611694104,2.34859910817409,18.419553048912164,3.680002340462443,66.43684156870728,22.06333010493439,0.8847351579851006,23.056699903042304,4.773601576775235
136592.76207622653,Outside Sales,Scranton,46.2246304951293,4.264243340594556,34.36657707431918,5.418377577867464,77.06169758813685,32.14013002496202,2.135637358196255,59.646673359359866,4.788588413491677
138598.53152302286,Outside Sales,Scranton,52.99940054043468,1.9105247649095625,20.733528597613162,7.12892194241524,80.15457504715782,54.7701822391687,3.2469372900836744,43.177673966032685,6.8689385958850275
34545.09728405786,Outside Sales,Stamford,43.432741751567534,3.128655461612447,12.928648321361528,5.223403711079984,60.88945080849227,51.11311634889103,1.3449882029604783,25.809984774652087,7.192153121987044
60388.83825327197,Inside Sales,Utica,27.541897314553868,2.706749416840382,14.500213505323954,6.061145381798262,60.97264983843474,42.127994069701636,2.975577389256558,27.8027904953151,7.334015848383398
71234.65214771536,Inside Sales,Utica,25.64991211237715,4.438846899396962,22.17625218071561,6.404950392058475,66.17566805076812,44.0174442579582,2.9784911680690436,34.70399886679216,6.058008488434484
127332.72611565777,Inside Sales,Scranton,50.006372519192716,3.9983415091313086,35.05909638616072,8.050155192613925,52.230747984462504,49.026571790537396,3.048420546963579,49.71696000131183,10
76258.11616412087,Outside Sales,Utica,34.45811697763183,2.6393387225708254,26.261833546403313,6.237667643837913,79.7296442283766,60.04863348513234,4.01656326519878,42.98226480767546,5.6868023574428905
71599.44818279729,Outside Sales,Utica,41.18226624623569,3.001179943661319,13.026326151889759,5.5952401323451655,71.53006317175804,17.170145601237092,2.2983115381043895,62.42062104068171,5.848245500187823
96589.60044745119,Inside Sales,Utica,41.600499335150566,0,21.632018835517005,6.8119153240960335,46.59302132183638,49.50474964482682,2.286960892581531,44.67505409534008,7.9616937454445225
106266.04620846355,Outside Sales,Scranton,44.00066066770387,2.3371136000726143,16.58366141867496,4.706844854053846,56.58443900515733,20.562161670615907,1.9730240348916015,10.678710106232646,7.294216471785522
58983.01498468256,Outside Sales,Stamford,34.217828695679735,3.0862365460155594,13.974946050340519,1.950192968872446,61.533720535168605,68.02239708976589,4.042928489249434,17.874669732402985,3.4640156048775093
169442.01301308235,Outside Sales,Scranton,35.046428305067515,4.860436832268551,22.618602397128004,6.089910583993576,74.75341604719306,59.768288663466826,1.992623877102555,64.60741620319934,7.640877343856382
84628.0436298762,Outside Sales,Stamford,41.9413112883181,2.5293731809390065,39.08300696248679,4.887183570805118,72.80303583341887,41.014068015310485,3.4800082144059674,44.108985596309246,6.793148374451562
136258.01986045536,Outside Sales,Stamford,30.943601058021752,3.0271251676732733,31.91351331604719,4.9284456729463395,77.40271277921372,64.7446671245025,2.961527607689955,60.70216804070543,7.162066703157548
113951.94595239902,Outside Sales,Scranton,35.958464910861224,2.4839248610400317,12.233450102215281,8.433653603813278,80.09519848832065,38.31573441748296,2.8218258383104704,41.97750893700081,7.395028556238579
102345.81618736478,Inside Sales,Albany,32.76010716436,1.1471948163868622,24.793786486918535,7.100477078079042,64.26621352809461,10.210898999405416,4.950862785290962,24.59231669177758,7.270813052882628
101824.15187866494,Inside Sales,Albany,28.117006872598978,2.4890051045761745,26.2646270629425,7.603218787345807,60.35161040922459,22.83278894768654,3.1560581713177394,24.995891343656886,7.001194591554563
108143.11599630826,Inside Sales,Albany,39.46117198431752,3.029269914241808,28.33928080896557,8.734467281689493,58.27533307078064,44.528822504891394,2.2029066985635617,31.52618072829389,6.1167147892001115
88187.20644944569,Inside Sales,Stamford,42.05557528237549,2.692106057053095,25.073624361017686,4.576242959770599,57.43266067710335,31.149780112775034,0.9071477880278671,13.918212167056529,7.7220611510127215
179875.63307799888,Inside Sales,Scranton,38.88469571147572,3.1357343091950143,32.610748665935915,6.143113451604761,79.6267619461726,49.818298698196756,2.556973900095945,53.11026782733158,10
102164.24788040585,Outside Sales,Utica,41.00650005521632,2.395708217135151,13.112052143445661,7.86349132890451,88.57018840897535,74.26999540888728,4.92527284217489,19.53730149187888,6.581167103872117
82738.35576941642,Inside Sales,Stamford,37.18664974352741,1.9538694302403417,27.59651317179542,6.725183612668896,76.61076276989054,40.87401862811233,0.8484741065639121,55.68036347600371,7.968890555402726
146552.65869676427,Outside Sales,Scranton,36.42106141459904,3.4142998118014707,19.592320356166105,5.402823644909266,69.80262413833314,46.87943742781583,4.122799274505729,62.91769804608179,7.3317032912291795
113124.37677433415,Inside Sales,Stamford,23.86350776489743,1.1091508463911526,18.445649559762465,6.095179008218297,87.96802033832408,61.06590989648959,3.4465865572569125,46.64891438185045,8.70243058062369
91466.03002903142,Outside Sales,Scranton,48.904337246018315,3.154413037853777,29.546844494115906,4.24896767914623,58.264475925479495,75.38535096449061,1.5389388306326388,26.567278826163392,7.4445906651662614
121626.54257178,Inside Sales,Scranton,51.12144462607261,2.535950114330434,36.799432355964896,7.6865616007046285,41.07014772445442,6.36095212069165,3.112019837990327,0,6.506354465044291
92198.53496887637,Outside Sales,Utica,45.785679301233216,0,24.804649963209485,7.516148537105511,31.833163586094138,59.29877113199281,5.601963951832024,33.18499116867509,6.48013605725818
126760.62796168878,Outside Sales,Scranton,43.30887927260847,1.8963030815869917,27.430081530137326,5.067284284861257,54.92222995191024,33.58992760270785,3.125462340759874,44.606727804287814,8.108902907653404
105132.48605489812,Outside Sales,Stamford,38.745383074041264,3.692642868516846,19.008628772938135,8.536722823383903,54.123527686290075,45.61454397724744,4.863497157524657,52.253255466303266,7.062871462198622
71894.0426732992,Outside Sales,Scranton,34.36683693725503,0.3259858053749767,23.77064889081619,8.283747839455447,55.5131375705392,13.74819801539028,1.297058681145431,58.595143764160504,8.40369783469808
69309.66110355685,Inside Sales,Stamford,39.744001246473324,3.8537537448916535,12.326521856883407,3.8260281353978103,55.40174358562875,35.037778401632615,2.4987602704816334,59.37769032470528,5.049715892435714
19384.84785366208,Outside Sales,Albany,33.02171588717239,3.8389999158311428,23.317014527528915,8.969715800001287,55.41675421955873,65.93496041059623,2.394866032444236,56.92315489911302,8.43390362387852
130494.5921390439,Inside Sales,Scranton,44.33117905837991,3.584470511560373,32.39644937670128,5.776152829461069,44.519277531893756,57.62708764578922,3.720019544303515,40.61790355588708,9.13852778887865
140036.91430401494,Outside Sales,Scranton,41.579018566783326,2.3304495253669564,31.863964310849095,8.407220030330668,75.27937528451866,29.53833045382854,2.2748164731178875,57.27853596107383,7.442050065079556
77160.68715884525,Inside Sales,Utica,38.09004995435238,1.840501352967315,21.137587181317574,3.4294912412846847,52.57396782269201,48.776529681563154,4.087735157726883,19.99796438493632,7.517773525565787
111772.86687841623,Inside Sales,Albany,35.70016078863572,0.8457129990136554,23.02234648419683,6.208040679130006,56.60702899438936,39.87432434954097,2.111642153379798,36.81586620385107,10
146752.35712819741,Outside Sales,Scranton,40.716192912222134,2.3220217682022266,12.227831747888082,6.4089936318571565,48.293302215157624,19.552875794500274,2.6380178498882607,42.801381779678294,8.978051949351007
115080.30871739793,Outside Sales,Scranton,44.51225673159988,2.175052644332462,7.408982956887458,5.617003925395727,30.934954762920047,34.6587768630377,3.713885024445628,44.873173358151305,5.238676613218781
146776.0864825289,Outside Sales,Scranton,50.73653138587489,4.310472442371701,26.216958555205576,6.956895814541192,63.09984493796747,67.69197041918584,4.245439489270018,31.336821284799978,7.839986834734079
76359.80913818248,Inside Sales,Albany,25.639584448331853,2.662047281311073,16.482041582937335,4.739148535930708,69.3516871204221,38.11062457833699,2.604709802024773,51.343044576972666,7.284797771189541
72690.0338757711,Inside Sales,Utica,32.604067367585365,1.868380931544447,22.600723538055217,5.695421936745393,51.3792960652114,27.20699671564786,1.1020783074688123,38.5582459850449,6.8822071828867015
156629.4745689195,Outside Sales,Scranton,53.39140562223693,3.400750646819433,26.46674340579022,4.534682688836478,79.58245684571699,56.77329260552158,1.8602925460312651,23.604576839364363,7.9630240893609106
75457.45565910856,Inside Sales,Stamford,36.52456223810131,3.230753210062129,32.174721512821016,6.445299897259137,66.8040817937249,44.98257299637635,3.1033688610191716,67.83968791804244,5.861454359491241
147275.4286043457,Outside Sales,Scranton,52.441412965008176,1.9094361845363617,31.03432624731296,5.8866044106466155,36.4737895349275,33.3535706872265,2.1852806518204186,27.967025524975377,6.766721093464286
101308.27518072998,Outside Sales,Scranton,30.811927207989207,2.8715582137090774,28.734378094558334,6.096160621227678,75.41526424175743,48.08173083840055,4.533382921732613,30.591256799253497,6.791416575998728
101936.41704968257,Outside Sales,Utica,48.62336823963965,1.7778994969989927,19.631189030351045,7.326769956063989,87.27617981737339,0,4.517194302421228,49.676739136213165,7.761307826626791
85604.6331806629,Inside Sales,Stamford,30.263691518049697,1.7184137353289244,29.67740848671425,5.410283546333286,49.19033887781654,56.587770908217834,1.5538841695713235,31.670901389079674,7.3162913854546625
86511.24155122132,Outside Sales,Utica,30.172252948180486,1.5097241147348224,15.927970330844971,5.702214066274701,47.14582315476795,31.394585125528693,0.9401453417085648,23.1608621347505,8.693376816294812
126720.56057896404,Inside Sales,Scranton,40.66026108765525,2.000727567227095,15.697819848937685,6.144180309392696,60.60027709101125,57.85920222416762,1.9251796967157604,73.53972070429043,9.083717535531317
105876.74166326373,Outside Sales,Albany,35.52645874682671,1.4045240521841227,13.333374594192295,5.8190772998265805,63.187698141620956,73.07241959550235,2.3438791927419746,48.81983209977841,8.572505183510199
104514.89090074724,Outside Sales,Albany,27.988573293201462,3.2372377882756953,22.26608639386258,7.592689394952433,56.279489340899104,55.908054209129844,1.0368692899261467,21.009975546117655,9.884181124682787
132622.79890397366,Outside Sales,Scranton,28.044992841625536,3.0563883193982755,26.252572890664325,7.7573907581954735,57.56109343737807,45.39895638077723,1.026589736671388,26.145815076571257,9.399853371295409
95492.24010902221,Inside Sales,Scranton,40.77225730085385,2.282680368495775,29.74664700598843,9.315418097214362,56.72075745904357,22.735402197416224,2.846414106984104,40.46303772136249,8.188452258387366
58161.837521866175,Outside Sales,Utica,28.228808700963892,4.031345320091508,29.25055402151449,5.680329481608854,67.46506403885891,21.327003483369523,1.6195678944440925,41.928014217515,6.420899138262351
98770.50307993872,Inside Sales,Stamford,47.15155486702786,2.9042034071391747,23.172716149673622,8.934294756307208,66.95720790412507,44.005148483202184,2.7899886534055844,23.837784100688395,6.205720685822654
157138.45399229327,Inside Sales,Scranton,49.645843189835105,3.095744267969379,19.753289849880584,6.47815389786702,64.02767255151835,27.428917542622052,2.1065188315115018,40.40770494301423,8.249941626928875
40637.75623015107,Inside Sales,Stamford,27.137637521934373,2.005867373158269,22.1226888822892,3.0208550794473066,63.444856063790105,38.89479286749952,3.122625544971625,5.067162175573033,7.61291759148208
68311.88654717573,Outside Sales,Stamford,22.250261837524306,3.819827542163927,25.873592294964325,3.879893570516069,59.046039056394655,26.18596820234366,3.2987441804353472,29.373005759724478,8.077016674850237
136046.55482474287,Inside Sales,Scranton,18.242952027972375,2.5211313470537706,29.81015409823039,4.2915196360496175,62.84899098412365,71.76799216658057,3.4316971904937663,19.0178102886852,7.80166600695228
123137.5226605147,Inside Sales,Scranton,45.020809512259014,1.9304353194515302,17.403227555122257,4.3453220719159305,77.87363138865675,37.01526946856883,1.802028966719535,26.717283576822727,8.89028405609083
90007.37227323125,Inside Sales,Stamford,28.230817099472432,3.2876966000634074,14.064906371784355,6.5512736438980115,74.25201141979865,49.22713222050118,4.503027092554305,43.69430731996333,7.086693880889945
110103.28376229147,Inside Sales,Scranton,47.14515717891073,1.5951465694699625,8.333395102762106,8.81887641894082,45.48132269793859,48.77041048730067,1.0391677286884495,63.304462322243005,9.868930659404137
140324.1481210542,Outside Sales,Scranton,36.10634050298846,1.3253494193770687,12.827757252137854,6.619170127080447,70.49202974246819,48.01964100708777,2.84624966467037,41.550912595470606,7.476978298553045
32813.48098250144,Inside Sales,Utica,25.951999980987125,3.7271068563862055,16.95222997512038,5.619751132132439,45.83489683599555,28.54781363459058,1.830301740030866,43.208669350061314,8.854373474509309
54798.27167632257,Inside Sales,Albany,30.11474288541859,3.398068031929438,18.061193798865176,4.996023393767589,54.18769623920023,48.78227393207029,2.161062953563933,23.308281269959405,6.328831328651173
88568.24036765104,Inside Sales,Stamford,38.4245559934259,3.4446038051454835,23.7403029036646,8.494107352981919,73.51774614458313,56.316780546099224,2.1164103792942637,48.442584519101004,7.4943129246850075
133141.47353337266,Inside Sales,Scranton,56.15257135079678,3.0771039114567547,16.17564484730513,5.2929626773886955,62.76348991308013,31.429128758688407,3.95263701541516,45.581453925643245,6.175193453349218
97483.59160728016,Inside Sales,Scranton,41.354291009993844,2.603420470404439,20.01294513155642,7.474814633609495,73.43952053744023,89.6305093076877,1.8154380082404553,49.557780638495984,4.7289335136739945
92354.59674105915,Outside Sales,Albany,23.55264474900768,1.4506263130292822,14.785204131840935,4.234010575049107,56.12122849448809,42.282516788728145,3.3344975306085365,10.873484354186287,5.180130814799998
99339.92449962534,Outside Sales,Scranton,33.477516282075925,1.8652712871228756,14.201860616754754,5.303256965408474,60.15311594413711,40.15939247860827,3.1359208823923614,30.26379607585352,9.822883166536165
71437.27650476682,Inside Sales,Utica,27.237282398491597,2.1552633003753496,19.66186049395517,3.8745393923278324,25.388072473373178,33.65337147069693,4.548520381381001,26.158308968649763,5.531021939449571
104274.01421318598,Inside Sales,Utica,28.360391434520476,3.3611138929732736,12.286604859033957,5.257325095795057,61.686138957976006,67.12346803980769,3.571050391210531,3.2317824399049715,4.221789567496481
186864.71334792973,Outside Sales,Scranton,44.71568022515347,2.2144923756238803,16.96805292370975,8.028330901068648,64.72318277587931,88.83107889523828,0.5351914812660774,34.38710919804381,6.490618048765765
72063.58439930239,Outside Sales,Albany,34.0680220466402,3.078927133192429,39.01130196316637,5.627851482366003,78.81763058139798,35.52680179337917,3.514334501232533,20.8982260940114,5.838107777381509
122640.91433918674,Outside Sales,Stamford,47.69630658116747,3.0023769425937665,23.298926447348645,7.233227756081559,92.49558278996304,33.347426221617745,3.8914415464299394,19.41321215542883,7.824149901037101
65556.36822608802,Inside Sales,Albany,40.18508426910747,2.0524065650998224,17.66355968077382,3.391014652915009,60.950348305679725,37.88313911312905,1.8349890663744264,27.773655226984676,6.691767825942352
125929.38410433871,Inside Sales,Scranton,38.451958211332155,1.0715265496680024,21.63760069333501,5.669740708086539,50.21275010208315,24.2961433489628,3.4670710452852482,36.279743569889455,7.15496587711457
102181.2241466434,Outside Sales,Utica,52.883334624050434,2.2317887929444407,26.84842954446758,6.105262118426695,62.07395353671472,71.91922826323423,0.8748173852122927,12.914829466461091,6.506912627359868
82573.72023214918,Inside Sales,Scranton,33.208890165491056,2.0390293632321446,24.132487155877115,5.119214007202948,44.41537626485652,34.08531561917231,2.3028619111975535,44.48946393465661,6.949058080244595
72210.58815435847,Inside Sales,Utica,40.95390684525511,0.8028193764534155,20.5304341107231,7.085875942693058,62.08804816720845,22.25737769940739,2.7757540714336635,33.06300970088927,7.7447210300822675
113492.66836248401,Outside Sales,Albany,68.74831668339809,2.0443396080015965,11.993748463643179,4.458027200452024,58.67915436517569,25.579979816433873,3.1242294455031097,63.9692275910272,8.186354858192221
82945.65100000147,Inside Sales,Utica,34.80081011282102,3.6775659170379766,20.013091661618212,6.723511824059919,68.80702668319117,39.95165062530039,3.1668605550728457,37.659755407649456,5.9005286143988505
119906.70344757897,Outside Sales,Albany,54.09085885927036,1.6821227821004252,30.049482439170053,6.602010275580014,57.59116362975293,22.81014959001573,3.6285791607609585,0,9.65988989419013
75014.06250129451,Inside Sales,Utica,23.73081559345962,1.7291016449005312,22.7165735613565,7.282575819826553,64.5632128332505,50.64726962778629,2.0631322567629993,38.04966292160898,8.500462736765042
101078.76070216545,Outside Sales,Stamford,40.477263075857955,4.146161037826658,24.691496451247392,7.918141090510794,79.69243261569174,33.3408676958868,1.4471322283841246,27.200969703424903,6.32220579648599
160129.60386740745,Outside Sales,Scranton,33.075082485947334,2.486500571542889,22.482301869823107,7.7332201189281236,57.421963019389814,61.30002939167058,3.473747071530339,2.619749734628224,5.780878823877671
112658.39063036015,Outside Sales,Scranton,24.296441698005268,0.7574721663936723,26.17329070723238,8.145039352315607,54.80218113783787,60.509102105314454,2.6595431177204265,51.08857554947766,7.909974157275366
85595.60728122709,Outside Sales,Stamford,32.4328468236682,1.1680345919627861,35.01150200289465,6.659981282770531,70.32219168976226,49.001561698986876,1.829029172300388,27.558002001853836,5.800250472454427
68239.382821585,Outside Sales,Utica,58.928204221078964,4.536745008294411,25.730676167028875,4.415084149579204,37.50852588838056,51.10881768244903,3.765607190254478,5.962065058812923,5.316776806022637
119689.68248197103,Outside Sales,Scranton,36.27032270400519,3.546854096976967,11.599038945572582,7.790202836304649,58.96731094486468,49.54120251588858,2.4847760293944483,41.17196761017918,4.842745994069642
75392.80500276749,Outside Sales,Scranton,32.91442805361642,2.2273546076612125,24.330811544295486,8.92875619426709,35.86058638137438,41.15004083549212,3.2772667319325945,43.95930848687291,7.334745123849057
134774.43964127128,Inside Sales,Scranton,47.482320058579226,0.44102163888357526,19.143965959402504,6.85392676122499,51.420984373212654,39.58537305365499,2.455673861525858,27.21391449277461,7.9138589831224975
47048.20066804289,Outside Sales,Utica,31.748655036604585,0.5089590638459198,22.740183250022618,5.1203757563385945,87.5796474829606,50.9587294060681,3.5781818472586826,53.643802643043095,5.967683588197627
131279.46025659257,Inside Sales,Albany,40.12473040008879,1.0470639619073736,17.51299028266167,6.615634063088125,79.50640259845144,35.803065219820354,3.7911902488867257,28.133279446530263,8.80650598490342
92083.14684763078,Outside Sales,Utica,40.5215591364257,0.9830847664642606,30.75290903296665,5.395964182435681,78.35540738290798,39.95097820875446,2.053525295466987,27.558971100349154,4.450421119765906
100509.37984694356,Inside Sales,Scranton,34.22881537486669,2.074605909442424,21.933191591992323,6.488347307656256,76.51556623027861,39.22775464474503,2.6119823730760787,43.45720647963112,5.795220109140862
68530.58669778521,Inside Sales,Stamford,34.61383192877632,3.5937426819125777,25.635445505027473,6.577136914534783,71.0765811734785,42.46436116503917,3.5543076243655287,44.6787962613651,6.899808252583757
127070.80121715149,Inside Sales,Scranton,52.98733175813752,1.930179482474833,18.92228144669754,2.9829069256201115,41.1161163566799,25.806617237103826,3.401845437426517,76.7939385021447,7.176673691843362
140241.5275177204,Outside Sales,Stamford,36.55711471337116,1.6052048554075475,39.20302391137206,8.905459728264661,74.95692345808924,49.32242037121586,2.8488874405962883,24.03543546217434,5.1056864262643415
116032.68883591054,Outside Sales,Stamford,57.57600253549321,1.203349297887718,21.031313864004893,7.207955133746892,62.56911388683973,56.87480817267437,2.4032771361377927,38.746971021608736,7.3205253047344545
115158.4946826685,Inside Sales,Albany,36.17162680036819,1.1675461230025668,25.135038508233915,7.1725783666525285,46.037688770138175,60.637869385385564,3.462024664782976,44.387259843582534,6.242660334082892
101186.2777724683,Inside Sales,Stamford,35.769054294736705,1.977047530513439,19.686439106797906,5.40564910778751,75.02121666261276,17.9399790211895,1.6387198625216022,12.851599665876956,5.963623956895573
63302.75311592942,Outside Sales,Albany,32.49304840845651,1.1304075749887654,18.447964328614077,4.827991773397033,63.58381650158447,31.294300934041015,1.5608717919742137,0.5040972399221952,4.617002398093066
95041.91789626342,Outside Sales,Albany,12.025913405344657,4.125713815528786,22.387831998213386,7.95861137326793,60.47154603373925,67.245780364711635,1.1762091241738915,25.813180049384687,6.50683568949311
84646.36068971707,Outside Sales,Utica,20.90386834000638,2.1137009297040574,30.73242892679113,3.8355558113339967,73.93281648172189,77.17300056185962,3.4996313597000226,77.76180945483557,6.547692708237455
104627.38373237911,Inside Sales,Utica,37.13421274967632,3.375024782252909,32.925452917771395,8.078535534455794,65.72804821752321,35.53468123261072,4.560457298908429,25.386867688124948,8.352437188777152
42450.57572685832,Inside Sales,Stamford,31.34659731594542,1.744025411411729,20.80882337325417,3.1198690969916134,38.38175197343965,46.599997483204156,3.113616947776006,36.7615546471794,4.044565276669826
95378.29180256261,Inside Sales,Stamford,52.05670205642037,2.473819411179231,22.15300930518879,6.947018961058209,58.990324875387216,33.542494193202295,4.039384383416439,52.74873352940993,9.643164997037804
73885.29724390974,Outside Sales,Utica,41.01339933782208,1.4014302787533301,30.10517747922547,4.514120711076076,46.3252105821853,11.230123313375735,3.6627478933796307,37.757573802235484,6.364109774769187
106849.54526340414,Outside Sales,Albany,33.47884654155634,1.593609942758064,32.741421321018464,4.751801120195171,78.70815666811622,55.04247463928258,1.9177557646682695,50.91129512538231,8.35884049183245
133666.87180818705,Inside Sales,Stamford,47.30886455560278,1.9462183226186502,19.32639708906737,4.809234913124992,83.34846957879431,31.56214402448236,2.848824333977968,23.229634813537178,7.188894611693417
65797.51682435905,Inside Sales,Albany,31.494190715002038,2.211821512579781,20.885561568900417,6.5453005064739065,44.37669506420805,53.28999157516389,1.5075197718003082,44.769247104203224,8.016333994972902
76448.46604849417,Inside Sales,Albany,39.518881565012244,2.584907786980017,30.256937468225864,8.355903491391159,59.31106175381253,67.68706996753656,3.6578802965554553,12.773388236281338,7.365224202133448
66235.97977735919,Outside Sales,Stamford,43.77981085866188,2.5636363389937213,24.627628576294434,6.579839667030142,56.9408935551292,37.51600768437001,3.5585972858743493,50.57313081362099,6.214879202282715
163290.5875585498,Inside Sales,Scranton,38.374841767507434,3.175130697816442,15.761484932690067,8.057615906401226,72.45379499661229,67.94415545287717,3.043130024533347,18.852883332655274,6.086666069065945
92538.53083062178,Outside Sales,Stamford,35.92486866118309,1.6021831488352034,27.48427889796245,6.981257916761717,57.50728624150358,37.92957546568459,2.567889856919257,45.14289912306694,5.042943850444333
85552.79051667136,Inside Sales,Stamford,35.564602962339606,3.364105797301475,2.5919688833572616,2.2473440981570256,62.838951654396595,73.04454188281528,3.1332617331748494,46.50021038343345,7.4850181897636325
119278.27960485117,Inside Sales,Scranton,34.59168343188094,2.9013145503298627,28.437800324223655,6.527620329800165,61.17441320669605,59.33720903361411,1.221133187260276,26.559015948439942,5.015163218153301
85819.18978562557,Inside Sales,Albany,51.19556294196364,0.864416169001945,25.384076267706575,5.0910545570171815,38.010080648424925,48.01032295374234,3.000968426774451,57.22562890219469,6.730296173106122
127525.88796351764,Inside Sales,Scranton,38.12540531527739,1.084653882312496,25.657103061887376,7.965114518532591,51.34911592988251,53.699251493636815,4.894264496795928,29.134232884375212,6.034037359598048
123204.59741452812,Outside Sales,Scranton,29.727679811439085,3.9506857413193526,26.34653119118208,4.1707401443445615,49.2670585311324,45.279445525841766,1.923413686087556,68.40410797291982,7.075308247133795
90616.02381379028,Inside Sales,Stamford,33.22296463731787,2.5779135991686486,19.535794872694655,4.973685347405449,42.56243783113697,48.50831331028273,1.0944359992541328,6.0549609759104,8.48440121768553
77043.52843454228,Inside Sales,Scranton,28.83745701669625,2.084554186411968,21.42915765029181,5.92891750975769,55.47653920217522,44.11007089221933,1.9758967247265042,21.037531498248686,4.5270528453299965
118584.93875918906,Inside Sales,Utica,41.92034593923996,2.6496469186757063,15.746559843037023,7.744402067461008,43.90337702606099,34.50947120254826,3.761696078445299,44.36531146186964,7.261814245741621
120751.58802192264,Inside Sales,Utica,35.37458537363623,1.07744001050754,12.408324971377308,5.787845467252844,74.42745417642094,71.12240153805944,2.8667030630871655,47.88050575010831,6.278255043998143
130591.06548728907,Inside Sales,Stamford,40.57313615374098,2.1366147217290914,26.366647172790106,7.890492842107641,59.11554135689773,28.242979943781027,1.806982033117249,41.06063449565339,7.489835259849189
138767.02148381298,Inside Sales,Scranton,40.769768316585434,3.0963321573912297,14.596381299724548,7.433993414821043,59.60901973906349,59.05001721343877,1.6069080885922349,46.136423892175934,5.380352875537248
80981.41126701869,Outside Sales,Stamford,10.567604368001753,1.873910899528139,31.422841309686035,7.2442555232952435,66.09212713983142,77.73256029253747,2.1017492322956057,50.01677548696998,4.93314977508025
116053.6512419597,Outside Sales,Scranton,30.049812345695,1.7297715123255788,30.43582723184002,2.3529872848799847,55.047664778659026,21.185834034206795,4.010359563096397,4.9498498362128736,7.311903978947961
134131.92465487754,Inside Sales,Scranton,57.389598094119016,1.6194839092278341,20.151455181254075,5.846766638151476,68.34791139612045,29.041571374018535,3.2772554722221123,67.33187462778373,7.249293390371104
83450.69696051315,Inside Sales,Utica,39.79247298067106,3.8178146710918437,23.19973820150431,6.316775665311716,76.71677486469356,27.2142321819684,1.8834877706920063,25.43471218853862,7.670368310908937
113923.42366615713,Outside Sales,Scranton,36.724320730394346,2.88067808172662,32.4881415340376,8.068089214153645,53.27329006226874,46.249527331687275,3.642187085051334,45.85439782053442,5.359088184204013
96991.33471698499,Inside Sales,Albany,42.71873013674819,0.9005012114048392,22.70385904853257,6.484711769465033,48.66717569329071,37.52171564955795,1.9335629104597998,26.763033247003168,4.252888955707333
107892.05031616859,Inside Sales,Stamford,43.053118767074444,1.7153772574582509,26.372143539825768,6.807366817061629,86.5425816963832,59.80239951776724,2.3847235955524644,51.8082244366737,9.022727593474787
112693.6340363535,Inside Sales,Stamford,26.111960704866,0.3823170946975072,27.02496740373007,7.476862621338344,58.17397132568874,65.05886327891545,3.502252920599612,28.19744408540847,6.5673831672376535
130811.41759408703,Inside Sales,Scranton,38.06800834099337,2.4197108478853835,31.629297723637265,6.884083006891326,65.65322261888379,72.80181001457765,3.6071549488768393,33.31581536095459,6.8680745199211755
83665.1893228511,Outside Sales,Utica,44.557256945003616,2.6486229245576576,19.75398245213317,4.727313196510539,75.03511686148335,38.979088671796504,0.4779245680141706,48.9173555958632,6.867049013442418
86737.6520353525,Inside Sales,Utica,40.09852884420585,2.121324500174739,22.740589242176032,3.573110763803277,62.92478243911735,44.557872615771835,4.206387826364036,73.86338543447684,6.245613600797985
103030.79937841176,Inside Sales,Scranton,35.777627671421385,1.2732743206361414,18.57897044910655,4.981320108556699,42.18700242223979,45.62274890504454,3.305017399846612,28.313722482584335,4.8063561043306775
77281.14096892114,Inside Sales,Albany,36.018931645356766,0.6268602299831412,12.302461468963987,3.393268697033137,48.22665086283884,27.46650700236207,2.5269768825389463,50.89511211546003,7.062084507527958
78585.22175815231,Outside Sales,Stamford,28.61659727554962,1.8472830010078556,6.499961274243773,3.874064726697562,45.35770747607836,24.406807794969286,1.6212869179647333,18.883439305664627,5.809291226940404
95131.23767300668,Inside Sales,Scranton,35.078127340134174,0.055443113212308326,16.63364960484375,6.395645498816189,47.49020512543233,26.425111509107722,2.35457950304344,48.73916165775031,6.171416871656439
166561.35454911357,Inside Sales,Scranton,41.60721220386128,3.3887451715693926,22.419319691492827,6.326320371535141,83.87867136008279,42.88293361593098,2.445081080397195,25.095684301188413,8.962131836837958
88508.5610428951,Inside Sales,Stamford,31.960421376047936,1.6972798122410317,17.201581568976174,4.5687557540924795,54.98235619227805,40.46299267877367,1.717222151500284,51.997130401937696,6.994787248703638
94614.34013308804,Inside Sales,Scranton,38.25873414687889,0,21.734173852079138,6.710547171143109,55.61544672931901,47.62048806932764,2.898468655165034,47.17036523358018,5.0334706058222505
92178.1602404614,Inside Sales,Stamford,40.21654490785029,3.427239884568545,23.183842097735948,5.075668496436771,63.59458946504455,41.851485871451644,3.718889007856622,54.73557957847675,5.732896639217441
108690.53797179495,Inside Sales,Albany,46.557460815095034,2.737779826115641,29.330243730584648,7.567234766182477,43.901970478069586,26.978968355325385,3.684930005773003,29.263559628725645,6.392740832677137
106611.87062280027,Outside Sales,Scranton,23.54899483561057,0,9.246588146100756,4.548712740471215,51.55043370830877,15.062691425945669,1.410619144492645,31.551409956726303,9.504801586230847
83534.11873826795,Outside Sales,Utica,39.163980529374314,2.1210610174979307,37.19844994258094,7.016501111683707,58.991308222320406,27.976123974672696,2.3601138040286345,25.845609402693135,7.354104691572008
74681.30491548983,Inside Sales,Utica,47.02720189045758,1.3592473715787543,22.812131422048715,4.736761331659657,47.08391871913794,56.779169339030574,1.4480065270116027,19.457892187081747,7.028879398199783
47109.45373786052,Outside Sales,Utica,40.941313959641136,3.7258460474298825,28.81346449097112,5.82603338345659,48.00499152352701,22.684401734801778,3.072964520077477,16.977290508097244,6.9654456181494275
133171.99469069464,Inside Sales,Scranton,21.212330924332782,4.298304423734927,9.471923246448137,3.7446765201246963,32.70596757029965,50.74631054007362,2.784235254262179,16.061134482721044,6.772675637578972
99852.50494853809,Outside Sales,Scranton,37.14690343700829,2.544725771798357,32.897302671772245,4.842005291455631,37.63544307889054,36.85471774339519,4.051546041744345,53.58649950563338,5.904496672812951
125993.18334716184,Inside Sales,Stamford,49.52301578404808,3.3905495941785047,22.676699836618326,8.858620377609384,68.23918838864027,38.88474071179718,1.7521060868771148,5.575003275703205,6.449314761210057
150627.0632555867,Outside Sales,Scranton,29.05161092121274,3.8675402518133737,18.478272777697228,5.395834606107919,55.38888072220841,55.58196746134687,1.1777787960657435,17.843862797995214,7.941910039567932
107983.45566562506,Inside Sales,Scranton,39.36410680146382,1.9499644983605857,17.724816616386498,4.62110748783124,64.77096120173745,38.167738853913825,1.962061103406151,28.814950481739945,5.951455017824676
58504.75166370535,Outside Sales,Utica,31.493515913852004,2.8864565505466544,21.31875506172542,5.722995815017404,20.57798471405933,56.25197703068123,3.536006253981998,48.785319688242794,4.290718247489401
177524.56617662864,Inside Sales,Scranton,47.41136909397521,2.1503965907109173,16.265227992545334,8.172832538265812,52.70984889182596,67.75228724239217,3.113686220991155,2.20171363928419,9.045494915879209
141078.3745836462,Inside Sales,Scranton,48.45265514574687,1.7967553820026825,17.408413410848702,7.098366387840509,72.80320611910079,64.76205245282381,3.899783991825779,50.29548213383697,6.905985652135608
149841.351265868,Inside Sales,Scranton,40.669119801317834,2.768998965751214,9.332818058873233,5.979180447586834,48.77347643533579,30.521699526125147,2.304430533695877,31.557061715101792,8.044751037792881
100975.38036155555,Inside Sales,Albany,42.49626677623985,2.130659220159185,20.239676416500945,9.712604922243182,77.85361595166506,49.04714295927491,1.8275291695800364,40.14361560387458,6.36665797045311
155352.3856841127,Inside Sales,Scranton,36.95245930788508,3.284453451090684,15.217898595692077,6.3111919240192424,58.07213520884874,49.73916337362708,5.378958605470125,24.256002121716215,8.542660326561665
112826.2669418002,Inside Sales,Stamford,57.614065972992876,2.0183323701177613,13.539727373666816,7.367647943899792,61.39835718484836,26.339323400183368,2.169193370739175,29.25696990802508,7.561289417776519
152951.59137498488,Outside Sales,Utica,47.205129316725774,1.3833808341446752,16.89443397929129,4.407211319160425,59.431175293500566,39.7511803740988,2.288304414717212,45.68080021922836,8.661983785286045
74975.38549760115,Inside Sales,Stamford,26.074921036794027,2.902567550975167,27.55730373011789,7.733010449794057,62.66750811238808,61.44485990378937,4.340991533387039,40.63872190486746,8.412422812097747
121465.12745299033,Outside Sales,Scranton,25.63766283402318,3.2739957723928743,17.410216935605806,6.261952096387248,64.46845527049882,58.466981038538066,0.7467376587512013,27.64542657625032,7.765312907129865
99842.17703877216,Inside Sales,Scranton,37.88786908362171,0.8757027642943349,33.385828310552405,6.168384744620306,49.09964872568148,49.49488923683279,2.436574234513224,10.980021425937506,3.4949248390184247
101124.74678010354,Inside Sales,Stamford,34.97486323765656,1.0202500398090377,37.19649640100728,8.58874729032165,64.82395644090039,50.760833404783504,3.212065649059439,51.798404229742964,6.022946180752338
